name,base_level,max_rounds,notes,slot1_initial,slot1_repeat,slot2_initial,slot2_repeat,slot3_initial,slot3_repeat,slot4_initial,slot4_repeat,slot5_initial,slot5_repeat,slot6_initial,slot6_repeat,slot7_initial,slot7_repeat,slot8_initial,slot8_repeat,slot9_initial,slot9_repeat
Burning Hands,1,1,,"[{""dice"":3,""sides"":6,""flat"":0,""attack_type"":""save"",""save"":""DEX"",""damage_type"":""fire"",""instances"":1,""targets"":3}]",[],"[{""dice"":4,""sides"":6,""flat"":0,""attack_type"":""save"",""save"":""DEX"",""damage_type"":""fire"",""instances"":1,""targets"":3}]",[],"[{""dice"":5,""sides"":6,""flat"":0,""attack_type"":""save"",""save"":""DEX"",""damage_type"":""fire"",""instances"":1,""targets"":3}]",[],"[{""dice"":6,""sides"":6,""flat"":0,""attack_type"":""save"",""save"":""DEX"",""damage_type"":""fire"",""instances"":1,""targets"":3}]",[],"[{""dice"":7,""sides"":6,""flat"":0,""attack_type"":""save"",""save"":""DEX"",""damage_type"":""fire"",""instances"":1,""targets"":3}]",[],"[{""dice"":8,""sides"":6,""flat"":0,""attack_type"":""save"",""save"":""DEX"",""damage_type"":""fire"",""instances"":1,""targets"":3}]",[],"[{""dice"":9,""sides"":6,""flat"":0,""attack_type"":""save"",""save"":""DEX"",""damage_type"":""fire"",""instances"":1,""targets"":3}]",[],"[{""dice"":10,""sides"":6,""flat"":0,""attack_type"":""save"",""save"":""DEX"",""damage_type"":""fire"",""instances"":1,""targets"":3}]",[],"[{""dice"":11,""sides"":6,""flat"":0,""attack_type"":""save"",""save"":""DEX"",""damage_type"":""fire"",""instances"":1,""targets"":3}]",[]
Catapult,1,1,,"[{""dice"":3,""sides"":8,""flat"":0,""attack_type"":""save"",""save"":""DEX"",""damage_type"":""bludgeoning"",""instances"":1,""targets"":1}]",[],"[{""dice"":4,""sides"":8,""flat"":0,""attack_type"":""save"",""save"":""DEX"",""damage_type"":""bludgeoning"",""instances"":1,""targets"":1}]",[],"[{""dice"":5,""sides"":8,""flat"":0,""attack_type"":""save"",""save"":""DEX"",""damage_type"":""bludgeoning"",""instances"":1,""targets"":1}]",[],"[{""dice"":6,""sides"":8,""flat"":0,""attack_type"":""save"",""save"":""DEX"",""damage_type"":""bludgeoning"",""instances"":1,""targets"":1}]",[],"[{""dice"":7,""sides"":8,""flat"":0,""attack_type"":""save"",""save"":""DEX"",""damage_type"":""bludgeoning"",""instances"":1,""targets"":1}]",[],"[{""dice"":8,""sides"":8,""flat"":0,""attack_type"":""save"",""save"":""DEX"",""damage_type"":""bludgeoning"",""instances"":1,""targets"":1}]",[],"[{""dice"":9,""sides"":8,""flat"":0,""attack_type"":""save"",""save"":""DEX"",""damage_type"":""bludgeoning"",""instances"":1,""targets"":1}]",[],"[{""dice"":10,""sides"":8,""flat"":0,""attack_type"":""save"",""save"":""DEX"",""damage_type"":""bludgeoning"",""instances"":1,""targets"":1}]",[],"[{""dice"":11,""sides"":8,""flat"":0,""attack_type"":""save"",""save"":""DEX"",""damage_type"":""bludgeoning"",""instances"":1,""targets"":1}]",[]
Chaos Bolt,1,1,Mixed dice and variable damage type encoded as two packets with damage_type 'choice'.,"[{""dice"":2,""sides"":8,""flat"":0,""attack_type"":""attack"",""save"":""none"",""damage_type"":""choice"",""instances"":1,""targets"":1,""notes"":""choose damage type from d8 result""},{""dice"":1,""sides"":6,""flat"":0,""attack_type"":""attack"",""save"":""none"",""damage_type"":""choice"",""instances"":1,""targets"":1,""notes"":""same damage type as d8 result""}]",[],"[{""dice"":2,""sides"":8,""flat"":0,""attack_type"":""attack"",""save"":""none"",""damage_type"":""choice"",""instances"":1,""targets"":1,""notes"":""choose damage type from d8 result""},{""dice"":2,""sides"":6,""flat"":0,""attack_type"":""attack"",""save"":""none"",""damage_type"":""choice"",""instances"":1,""targets"":1,""notes"":""same damage type as d8 result""}]",[],"[{""dice"":2,""sides"":8,""flat"":0,""attack_type"":""attack"",""save"":""none"",""damage_type"":""choice"",""instances"":1,""targets"":1,""notes"":""choose damage type from d8 result""},{""dice"":3,""sides"":6,""flat"":0,""attack_type"":""attack"",""save"":""none"",""damage_type"":""choice"",""instances"":1,""targets"":1,""notes"":""same damage type as d8 result""}]",[],"[{""dice"":2,""sides"":8,""flat"":0,""attack_type"":""attack"",""save"":""none"",""damage_type"":""choice"",""instances"":1,""targets"":1,""notes"":""choose damage type from d8 result""},{""dice"":4,""sides"":6,""flat"":0,""attack_type"":""attack"",""save"":""none"",""damage_type"":""choice"",""instances"":1,""targets"":1,""notes"":""same damage type as d8 result""}]",[],"[{""dice"":2,""sides"":8,""flat"":0,""attack_type"":""attack"",""save"":""none"",""damage_type"":""choice"",""instances"":1,""targets"":1,""notes"":""choose damage type from d8 result""},{""dice"":5,""sides"":6,""flat"":0,""attack_type"":""attack"",""save"":""none"",""damage_type"":""choice"",""instances"":1,""targets"":1,""notes"":""same damage type as d8 result""}]",[],"[{""dice"":2,""sides"":8,""flat"":0,""attack_type"":""attack"",""save"":""none"",""damage_type"":""choice"",""instances"":1,""targets"":1,""notes"":""choose damage type from d8 result""},{""dice"":6,""sides"":6,""flat"":0,""attack_type"":""attack"",""save"":""none"",""damage_type"":""choice"",""instances"":1,""targets"":1,""notes"":""same damage type as d8 result""}]",[],"[{""dice"":2,""sides"":8,""flat"":0,""attack_type"":""attack"",""save"":""none"",""damage_type"":""choice"",""instances"":1,""targets"":1,""notes"":""choose damage type from d8 result""},{""dice"":7,""sides"":6,""flat"":0,""attack_type"":""attack"",""save"":""none"",""damage_type"":""choice"",""instances"":1,""targets"":1,""notes"":""same damage type as d8 result""}]",[],"[{""dice"":2,""sides"":8,""flat"":0,""attack_type"":""attack"",""save"":""none"",""damage_type"":""choice"",""instances"":1,""targets"":1,""notes"":""choose damage type from d8 result""},{""dice"":8,""sides"":6,""flat"":0,""attack_type"":""attack"",""save"":""none"",""damage_type"":""choice"",""instances"":1,""targets"":1,""notes"":""same damage type as d8 result""}]",[],"[{""dice"":2,""sides"":8,""flat"":0,""attack_type"":""attack"",""save"":""none"",""damage_type"":""choice"",""instances"":1,""targets"":1,""notes"":""choose damage type from d8 result""},{""dice"":9,""sides"":6,""flat"":0,""attack_type"":""attack"",""save"":""none"",""damage_type"":""choice"",""instances"":1,""targets"":1,""notes"":""same damage type as d8 result""}]",[]
Chromatic Orb,1,1,,"[{""dice"":3,""sides"":8,""flat"":0,""attack_type"":""attack"",""save"":""none"",""damage_type"":""acid"",""instances"":1,""targets"":1}]",[],"[{""dice"":4,""sides"":8,""flat"":0,""attack_type"":""attack"",""save"":""none"",""damage_type"":""acid"",""instances"":1,""targets"":1}]",[],"[{""dice"":5,""sides"":8,""flat"":0,""attack_type"":""attack"",""save"":""none"",""damage_type"":""acid"",""instances"":1,""targets"":1}]",[],"[{""dice"":6,""sides"":8,""flat"":0,""attack_type"":""attack"",""save"":""none"",""damage_type"":""acid"",""instances"":1,""targets"":1}]",[],"[{""dice"":7,""sides"":8,""flat"":0,""attack_type"":""attack"",""save"":""none"",""damage_type"":""acid"",""instances"":1,""targets"":1}]",[],"[{""dice"":8,""sides"":8,""flat"":0,""attack_type"":""attack"",""save"":""none"",""damage_type"":""acid"",""instances"":1,""targets"":1}]",[],"[{""dice"":9,""sides"":8,""flat"":0,""attack_type"":""attack"",""save"":""none"",""damage_type"":""acid"",""instances"":1,""targets"":1}]",[],"[{""dice"":10,""sides"":8,""flat"":0,""attack_type"":""attack"",""save"":""none"",""damage_type"":""acid"",""instances"":1,""targets"":1}]",[],"[{""dice"":11,""sides"":8,""flat"":0,""attack_type"":""attack"",""save"":""none"",""damage_type"":""acid"",""instances"":1,""targets"":1}]",[]
Guiding Bolt,1,1,,"[{""dice"":4,""sides"":6,""flat"":0,""attack_type"":""attack"",""save"":""none"",""damage_type"":""radiant"",""instances"":1,""targets"":1}]",[],"[{""dice"":5,""sides"":6,""flat"":0,""attack_type"":""attack"",""save"":""none"",""damage_type"":""radiant"",""instances"":1,""targets"":1}]",[],"[{""dice"":6,""sides"":6,""flat"":0,""attack_type"":""attack"",""save"":""none"",""damage_type"":""radiant"",""instances"":1,""targets"":1}]",[],"[{""dice"":7,""sides"":6,""flat"":0,""attack_type"":""attack"",""save"":""none"",""damage_type"":""radiant"",""instances"":1,""targets"":1}]",[],"[{""dice"":8,""sides"":6,""flat"":0,""attack_type"":""attack"",""save"":""none"",""damage_type"":""radiant"",""instances"":1,""targets"":1}]",[],"[{""dice"":9,""sides"":6,""flat"":0,""attack_type"":""attack"",""save"":""none"",""damage_type"":""radiant"",""instances"":1,""targets"":1}]",[],"[{""dice"":10,""sides"":6,""flat"":0,""attack_type"":""attack"",""save"":""none"",""damage_type"":""radiant"",""instances"":1,""targets"":1}]",[],"[{""dice"":11,""sides"":6,""flat"":0,""attack_type"":""attack"",""save"":""none"",""damage_type"":""radiant"",""instances"":1,""targets"":1}]",[],"[{""dice"":12,""sides"":6,""flat"":0,""attack_type"":""attack"",""save"":""none"",""damage_type"":""radiant"",""instances"":1,""targets"":1}]",[]
Hellish Rebuke,1,1,,"[{""dice"":2,""sides"":10,""flat"":0,""attack_type"":""save"",""save"":""DEX"",""damage_type"":""fire"",""instances"":1,""targets"":1}]",[],"[{""dice"":3,""sides"":10,""flat"":0,""attack_type"":""save"",""save"":""DEX"",""damage_type"":""fire"",""instances"":1,""targets"":1}]",[],"[{""dice"":4,""sides"":10,""flat"":0,""attack_type"":""save"",""save"":""DEX"",""damage_type"":""fire"",""instances"":1,""targets"":1}]",[],"[{""dice"":5,""sides"":10,""flat"":0,""attack_type"":""save"",""save"":""DEX"",""damage_type"":""fire"",""instances"":1,""targets"":1}]",[],"[{""dice"":6,""sides"":10,""flat"":0,""attack_type"":""save"",""save"":""DEX"",""damage_type"":""fire"",""instances"":1,""targets"":1}]",[],"[{""dice"":7,""sides"":10,""flat"":0,""attack_type"":""save"",""save"":""DEX"",""damage_type"":""fire"",""instances"":1,""targets"":1}]",[],"[{""dice"":8,""sides"":10,""flat"":0,""attack_type"":""save"",""save"":""DEX"",""damage_type"":""fire"",""instances"":1,""targets"":1}]",[],"[{""dice"":9,""sides"":10,""flat"":0,""attack_type"":""save"",""save"":""DEX"",""damage_type"":""fire"",""instances"":1,""targets"":1}]",[],"[{""dice"":10,""sides"":10,""flat"":0,""attack_type"":""save"",""save"":""DEX"",""damage_type"":""fire"",""instances"":1,""targets"":1}]",[]
Ice Knife,1,1,Initial cast encoded as both attack damage and explosion damage.,"[{""dice"":1,""sides"":10,""flat"":0,""attack_type"":""attack"",""save"":""none"",""damage_type"":""piercing"",""instances"":1,""targets"":1},{""dice"":2,""sides"":6,""flat"":0,""attack_type"":""save"",""save"":""DEX"",""damage_type"":""cold"",""instances"":1,""targets"":2}]",[],"[{""dice"":1,""sides"":10,""flat"":0,""attack_type"":""attack"",""save"":""none"",""damage_type"":""piercing"",""instances"":1,""targets"":1},{""dice"":3,""sides"":6,""flat"":0,""attack_type"":""save"",""save"":""DEX"",""damage_type"":""cold"",""instances"":1,""targets"":2}]",[],"[{""dice"":1,""sides"":10,""flat"":0,""attack_type"":""attack"",""save"":""none"",""damage_type"":""piercing"",""instances"":1,""targets"":1},{""dice"":4,""sides"":6,""flat"":0,""attack_type"":""save"",""save"":""DEX"",""damage_type"":""cold"",""instances"":1,""targets"":2}]",[],"[{""dice"":1,""sides"":10,""flat"":0,""attack_type"":""attack"",""save"":""none"",""damage_type"":""piercing"",""instances"":1,""targets"":1},{""dice"":5,""sides"":6,""flat"":0,""attack_type"":""save"",""save"":""DEX"",""damage_type"":""cold"",""instances"":1,""targets"":2}]",[],"[{""dice"":1,""sides"":10,""flat"":0,""attack_type"":""attack"",""save"":""none"",""damage_type"":""piercing"",""instances"":1,""targets"":1},{""dice"":6,""sides"":6,""flat"":0,""attack_type"":""save"",""save"":""DEX"",""damage_type"":""cold"",""instances"":1,""targets"":2}]",[],"[{""dice"":1,""sides"":10,""flat"":0,""attack_type"":""attack"",""save"":""none"",""damage_type"":""piercing"",""instances"":1,""targets"":1},{""dice"":7,""sides"":6,""flat"":0,""attack_type"":""save"",""save"":""DEX"",""damage_type"":""cold"",""instances"":1,""targets"":2}]",[],"[{""dice"":1,""sides"":10,""flat"":0,""attack_type"":""attack"",""save"":""none"",""damage_type"":""piercing"",""instances"":1,""targets"":1},{""dice"":8,""sides"":6,""flat"":0,""attack_type"":""save"",""save"":""DEX"",""damage_type"":""cold"",""instances"":1,""targets"":2}]",[],"[{""dice"":1,""sides"":10,""flat"":0,""attack_type"":""attack"",""save"":""none"",""damage_type"":""piercing"",""instances"":1,""targets"":1},{""dice"":9,""sides"":6,""flat"":0,""attack_type"":""save"",""save"":""DEX"",""damage_type"":""cold"",""instances"":1,""targets"":2}]",[],"[{""dice"":1,""sides"":10,""flat"":0,""attack_type"":""attack"",""save"":""none"",""damage_type"":""piercing"",""instances"":1,""targets"":1},{""dice"":10,""sides"":6,""flat"":0,""attack_type"":""save"",""save"":""DEX"",""damage_type"":""cold"",""instances"":1,""targets"":2}]",[]
Inflict Wounds,1,1,,"[{""dice"":3,""sides"":10,""flat"":0,""attack_type"":""attack"",""save"":""none"",""damage_type"":""necrotic"",""instances"":1,""targets"":1}]",[],"[{""dice"":4,""sides"":10,""flat"":0,""attack_type"":""attack"",""save"":""none"",""damage_type"":""necrotic"",""instances"":1,""targets"":1}]",[],"[{""dice"":5,""sides"":10,""flat"":0,""attack_type"":""attack"",""save"":""none"",""damage_type"":""necrotic"",""instances"":1,""targets"":1}]",[],"[{""dice"":6,""sides"":10,""flat"":0,""attack_type"":""attack"",""save"":""none"",""damage_type"":""necrotic"",""instances"":1,""targets"":1}]",[],"[{""dice"":7,""sides"":10,""flat"":0,""attack_type"":""attack"",""save"":""none"",""damage_type"":""necrotic"",""instances"":1,""targets"":1}]",[],"[{""dice"":8,""sides"":10,""flat"":0,""attack_type"":""attack"",""save"":""none"",""damage_type"":""necrotic"",""instances"":1,""targets"":1}]",[],"[{""dice"":9,""sides"":10,""flat"":0,""attack_type"":""attack"",""save"":""none"",""damage_type"":""necrotic"",""instances"":1,""targets"":1}]",[],"[{""dice"":10,""sides"":10,""flat"":0,""attack_type"":""attack"",""save"":""none"",""damage_type"":""necrotic"",""instances"":1,""targets"":1}]",[],"[{""dice"":11,""sides"":10,""flat"":0,""attack_type"":""attack"",""save"":""none"",""damage_type"":""necrotic"",""instances"":1,""targets"":1}]",[]
Magic Missile,1,1,Flat +1 per missile encoded via flat field.,"[{""dice"":1,""sides"":4,""flat"":1,""attack_type"":""none"",""save"":""none"",""damage_type"":""force"",""instances"":3,""targets"":1}]",[],"[{""dice"":1,""sides"":4,""flat"":1,""attack_type"":""none"",""save"":""none"",""damage_type"":""force"",""instances"":4,""targets"":1}]",[],"[{""dice"":1,""sides"":4,""flat"":1,""attack_type"":""none"",""save"":""none"",""damage_type"":""force"",""instances"":5,""targets"":1}]",[],"[{""dice"":1,""sides"":4,""flat"":1,""attack_type"":""none"",""save"":""none"",""damage_type"":""force"",""instances"":6,""targets"":1}]",[],"[{""dice"":1,""sides"":4,""flat"":1,""attack_type"":""none"",""save"":""none"",""damage_type"":""force"",""instances"":7,""targets"":1}]",[],"[{""dice"":1,""sides"":4,""flat"":1,""attack_type"":""none"",""save"":""none"",""damage_type"":""force"",""instances"":8,""targets"":1}]",[],"[{""dice"":1,""sides"":4,""flat"":1,""attack_type"":""none"",""save"":""none"",""damage_type"":""force"",""instances"":9,""targets"":1}]",[],"[{""dice"":1,""sides"":4,""flat"":1,""attack_type"":""none"",""save"":""none"",""damage_type"":""force"",""instances"":10,""targets"":1}]",[],"[{""dice"":1,""sides"":4,""flat"":1,""attack_type"":""none"",""save"":""none"",""damage_type"":""force"",""instances"":11,""targets"":1}]",[]
Ray of Sickness,1,1,,"[{""dice"":2,""sides"":8,""flat"":0,""attack_type"":""attack"",""save"":""none"",""damage_type"":""poison"",""instances"":1,""targets"":1}]",[],"[{""dice"":3,""sides"":8,""flat"":0,""attack_type"":""attack"",""save"":""none"",""damage_type"":""poison"",""instances"":1,""targets"":1}]",[],"[{""dice"":4,""sides"":8,""flat"":0,""attack_type"":""attack"",""save"":""none"",""damage_type"":""poison"",""instances"":1,""targets"":1}]",[],"[{""dice"":5,""sides"":8,""flat"":0,""attack_type"":""attack"",""save"":""none"",""damage_type"":""poison"",""instances"":1,""targets"":1}]",[],"[{""dice"":6,""sides"":8,""flat"":0,""attack_type"":""attack"",""save"":""none"",""damage_type"":""poison"",""instances"":1,""targets"":1}]",[],"[{""dice"":7,""sides"":8,""flat"":0,""attack_type"":""attack"",""save"":""none"",""damage_type"":""poison"",""instances"":1,""targets"":1}]",[],"[{""dice"":8,""sides"":8,""flat"":0,""attack_type"":""attack"",""save"":""none"",""damage_type"":""poison"",""instances"":1,""targets"":1}]",[],"[{""dice"":9,""sides"":8,""flat"":0,""attack_type"":""attack"",""save"":""none"",""damage_type"":""poison"",""instances"":1,""targets"":1}]",[],"[{""dice"":10,""sides"":8,""flat"":0,""attack_type"":""attack"",""save"":""none"",""damage_type"":""poison"",""instances"":1,""targets"":1}]",[]
Thunderwave,1,1,,"[{""dice"":2,""sides"":8,""flat"":0,""attack_type"":""save"",""save"":""CON"",""damage_type"":""thunder"",""instances"":1,""targets"":3}]",[],"[{""dice"":3,""sides"":8,""flat"":0,""attack_type"":""save"",""save"":""CON"",""damage_type"":""thunder"",""instances"":1,""targets"":3}]",[],"[{""dice"":4,""sides"":8,""flat"":0,""attack_type"":""save"",""save"":""CON"",""damage_type"":""thunder"",""instances"":1,""targets"":3}]",[],"[{""dice"":5,""sides"":8,""flat"":0,""attack_type"":""save"",""save"":""CON"",""damage_type"":""thunder"",""instances"":1,""targets"":3}]",[],"[{""dice"":6,""sides"":8,""flat"":0,""attack_type"":""save"",""save"":""CON"",""damage_type"":""thunder"",""instances"":1,""targets"":3}]",[],"[{""dice"":7,""sides"":8,""flat"":0,""attack_type"":""save"",""save"":""CON"",""damage_type"":""thunder"",""instances"":1,""targets"":3}]",[],"[{""dice"":8,""sides"":8,""flat"":0,""attack_type"":""save"",""save"":""CON"",""damage_type"":""thunder"",""instances"":1,""targets"":3}]",[],"[{""dice"":9,""sides"":8,""flat"":0,""attack_type"":""save"",""save"":""CON"",""damage_type"":""thunder"",""instances"":1,""targets"":3}]",[],"[{""dice"":10,""sides"":8,""flat"":0,""attack_type"":""save"",""save"":""CON"",""damage_type"":""thunder"",""instances"":1,""targets"":3}]",[]
Aganazzar's Scorcher,2,1,,[],[],"[{""dice"":3,""sides"":8,""flat"":0,""attack_type"":""save"",""save"":""DEX"",""damage_type"":""fire"",""instances"":1,""targets"":3}]",[],"[{""dice"":4,""sides"":8,""flat"":0,""attack_type"":""save"",""save"":""DEX"",""damage_type"":""fire"",""instances"":1,""targets"":3}]",[],"[{""dice"":5,""sides"":8,""flat"":0,""attack_type"":""save"",""save"":""DEX"",""damage_type"":""fire"",""instances"":1,""targets"":3}]",[],"[{""dice"":6,""sides"":8,""flat"":0,""attack_type"":""save"",""save"":""DEX"",""damage_type"":""fire"",""instances"":1,""targets"":3}]",[],"[{""dice"":7,""sides"":8,""flat"":0,""attack_type"":""save"",""save"":""DEX"",""damage_type"":""fire"",""instances"":1,""targets"":3}]",[],"[{""dice"":8,""sides"":8,""flat"":0,""attack_type"":""save"",""save"":""DEX"",""damage_type"":""fire"",""instances"":1,""targets"":3}]",[],"[{""dice"":9,""sides"":8,""flat"":0,""attack_type"":""save"",""save"":""DEX"",""damage_type"":""fire"",""instances"":1,""targets"":3}]",[],"[{""dice"":10,""sides"":8,""flat"":0,""attack_type"":""save"",""save"":""DEX"",""damage_type"":""fire"",""instances"":1,""targets"":3}]",[]
Cloud of Daggers,2,10,,[],[],[],"[{""dice"":4,""sides"":4,""flat"":0,""attack_type"":""none"",""save"":""none"",""damage_type"":""slashing"",""instances"":1,""targets"":1}]",[],"[{""dice"":6,""sides"":4,""flat"":0,""attack_type"":""none"",""save"":""none"",""damage_type"":""slashing"",""instances"":1,""targets"":1}]",[],"[{""dice"":8,""sides"":4,""flat"":0,""attack_type"":""none"",""save"":""none"",""damage_type"":""slashing"",""instances"":1,""targets"":1}]",[],"[{""dice"":10,""sides"":4,""flat"":0,""attack_type"":""none"",""save"":""none"",""damage_type"":""slashing"",""instances"":1,""targets"":1}]",[],"[{""dice"":12,""sides"":4,""flat"":0,""attack_type"":""none"",""save"":""none"",""damage_type"":""slashing"",""instances"":1,""targets"":1}]",[],"[{""dice"":14,""sides"":4,""flat"":0,""attack_type"":""none"",""save"":""none"",""damage_type"":""slashing"",""instances"":1,""targets"":1}]",[],"[{""dice"":16,""sides"":4,""flat"":0,""attack_type"":""none"",""save"":""none"",""damage_type"":""slashing"",""instances"":1,""targets"":1}]",[],"[{""dice"":18,""sides"":4,""flat"":0,""attack_type"":""none"",""save"":""none"",""damage_type"":""slashing"",""instances"":1,""targets"":1}]"
Dragon's Breath,2,10,,[],[],"[{""dice"":3,""sides"":6,""flat"":0,""attack_type"":""save"",""save"":""DEX"",""damage_type"":""fire"",""instances"":1,""targets"":3}]","[{""dice"":3,""sides"":6,""flat"":0,""attack_type"":""save"",""save"":""DEX"",""damage_type"":""fire"",""instances"":1,""targets"":3}]","[{""dice"":4,""sides"":6,""flat"":0,""attack_type"":""save"",""save"":""DEX"",""damage_type"":""fire"",""instances"":1,""targets"":3}]","[{""dice"":4,""sides"":6,""flat"":0,""attack_type"":""save"",""save"":""DEX"",""damage_type"":""fire"",""instances"":1,""targets"":3}]","[{""dice"":5,""sides"":6,""flat"":0,""attack_type"":""save"",""save"":""DEX"",""damage_type"":""fire"",""instances"":1,""targets"":3}]","[{""dice"":5,""sides"":6,""flat"":0,""attack_type"":""save"",""save"":""DEX"",""damage_type"":""fire"",""instances"":1,""targets"":3}]","[{""dice"":6,""sides"":6,""flat"":0,""attack_type"":""save"",""save"":""DEX"",""damage_type"":""fire"",""instances"":1,""targets"":3}]","[{""dice"":6,""sides"":6,""flat"":0,""attack_type"":""save"",""save"":""DEX"",""damage_type"":""fire"",""instances"":1,""targets"":3}]","[{""dice"":7,""sides"":6,""flat"":0,""attack_type"":""save"",""save"":""DEX"",""damage_type"":""fire"",""instances"":1,""targets"":3}]","[{""dice"":7,""sides"":6,""flat"":0,""attack_type"":""save"",""save"":""DEX"",""damage_type"":""fire"",""instances"":1,""targets"":3}]","[{""dice"":8,""sides"":6,""flat"":0,""attack_type"":""save"",""save"":""DEX"",""damage_type"":""fire"",""instances"":1,""targets"":3}]","[{""dice"":8,""sides"":6,""flat"":0,""attack_type"":""save"",""save"":""DEX"",""damage_type"":""fire"",""instances"":1,""targets"":3}]","[{""dice"":9,""sides"":6,""flat"":0,""attack_type"":""save"",""save"":""DEX"",""damage_type"":""fire"",""instances"":1,""targets"":3}]","[{""dice"":9,""sides"":6,""flat"":0,""attack_type"":""save"",""save"":""DEX"",""damage_type"":""fire"",""instances"":1,""targets"":3}]","[{""dice"":10,""sides"":6,""flat"":0,""attack_type"":""save"",""save"":""DEX"",""damage_type"":""fire"",""instances"":1,""targets"":3}]","[{""dice"":10,""sides"":6,""flat"":0,""attack_type"":""save"",""save"":""DEX"",""damage_type"":""fire"",""instances"":1,""targets"":3}]"
Flaming Sphere,2,10,,[],[],"[{""dice"":2,""sides"":6,""flat"":0,""attack_type"":""save"",""save"":""DEX"",""damage_type"":""fire"",""instances"":1,""targets"":1}]","[{""dice"":2,""sides"":6,""flat"":0,""attack_type"":""save"",""save"":""DEX"",""damage_type"":""fire"",""instances"":1,""targets"":1}]","[{""dice"":3,""sides"":6,""flat"":0,""attack_type"":""save"",""save"":""DEX"",""damage_type"":""fire"",""instances"":1,""targets"":1}]","[{""dice"":3,""sides"":6,""flat"":0,""attack_type"":""save"",""save"":""DEX"",""damage_type"":""fire"",""instances"":1,""targets"":1}]","[{""dice"":4,""sides"":6,""flat"":0,""attack_type"":""save"",""save"":""DEX"",""damage_type"":""fire"",""instances"":1,""targets"":1}]","[{""dice"":4,""sides"":6,""flat"":0,""attack_type"":""save"",""save"":""DEX"",""damage_type"":""fire"",""instances"":1,""targets"":1}]","[{""dice"":5,""sides"":6,""flat"":0,""attack_type"":""save"",""save"":""DEX"",""damage_type"":""fire"",""instances"":1,""targets"":1}]","[{""dice"":5,""sides"":6,""flat"":0,""attack_type"":""save"",""save"":""DEX"",""damage_type"":""fire"",""instances"":1,""targets"":1}]","[{""dice"":6,""sides"":6,""flat"":0,""attack_type"":""save"",""save"":""DEX"",""damage_type"":""fire"",""instances"":1,""targets"":1}]","[{""dice"":6,""sides"":6,""flat"":0,""attack_type"":""save"",""save"":""DEX"",""damage_type"":""fire"",""instances"":1,""targets"":1}]","[{""dice"":7,""sides"":6,""flat"":0,""attack_type"":""save"",""save"":""DEX"",""damage_type"":""fire"",""instances"":1,""targets"":1}]","[{""dice"":7,""sides"":6,""flat"":0,""attack_type"":""save"",""save"":""DEX"",""damage_type"":""fire"",""instances"":1,""targets"":1}]","[{""dice"":8,""sides"":6,""flat"":0,""attack_type"":""save"",""save"":""DEX"",""damage_type"":""fire"",""instances"":1,""targets"":1}]","[{""dice"":8,""sides"":6,""flat"":0,""attack_type"":""save"",""save"":""DEX"",""damage_type"":""fire"",""instances"":1,""targets"":1}]","[{""dice"":9,""sides"":6,""flat"":0,""attack_type"":""save"",""save"":""DEX"",""damage_type"":""fire"",""instances"":1,""targets"":1}]","[{""dice"":9,""sides"":6,""flat"":0,""attack_type"":""save"",""save"":""DEX"",""damage_type"":""fire"",""instances"":1,""targets"":1}]"
Melf's Acid Arrow,2,2,Initial hit and next-turn damage encoded separately.,[],[],"[{""dice"":4,""sides"":4,""flat"":0,""attack_type"":""attack"",""save"":""none"",""damage_type"":""acid"",""instances"":1,""targets"":1}]","[{""dice"":2,""sides"":4,""flat"":0,""attack_type"":""none"",""save"":""none"",""damage_type"":""acid"",""instances"":1,""targets"":1}]","[{""dice"":5,""sides"":4,""flat"":0,""attack_type"":""attack"",""save"":""none"",""damage_type"":""acid"",""instances"":1,""targets"":1}]","[{""dice"":3,""sides"":4,""flat"":0,""attack_type"":""none"",""save"":""none"",""damage_type"":""acid"",""instances"":1,""targets"":1}]","[{""dice"":6,""sides"":4,""flat"":0,""attack_type"":""attack"",""save"":""none"",""damage_type"":""acid"",""instances"":1,""targets"":1}]","[{""dice"":4,""sides"":4,""flat"":0,""attack_type"":""none"",""save"":""none"",""damage_type"":""acid"",""instances"":1,""targets"":1}]","[{""dice"":7,""sides"":4,""flat"":0,""attack_type"":""attack"",""save"":""none"",""damage_type"":""acid"",""instances"":1,""targets"":1}]","[{""dice"":5,""sides"":4,""flat"":0,""attack_type"":""none"",""save"":""none"",""damage_type"":""acid"",""instances"":1,""targets"":1}]","[{""dice"":8,""sides"":4,""flat"":0,""attack_type"":""attack"",""save"":""none"",""damage_type"":""acid"",""instances"":1,""targets"":1}]","[{""dice"":6,""sides"":4,""flat"":0,""attack_type"":""none"",""save"":""none"",""damage_type"":""acid"",""instances"":1,""targets"":1}]","[{""dice"":9,""sides"":4,""flat"":0,""attack_type"":""attack"",""save"":""none"",""damage_type"":""acid"",""instances"":1,""targets"":1}]","[{""dice"":7,""sides"":4,""flat"":0,""attack_type"":""none"",""save"":""none"",""damage_type"":""acid"",""instances"":1,""targets"":1}]","[{""dice"":10,""sides"":4,""flat"":0,""attack_type"":""attack"",""save"":""none"",""damage_type"":""acid"",""instances"":1,""targets"":1}]","[{""dice"":8,""sides"":4,""flat"":0,""attack_type"":""none"",""save"":""none"",""damage_type"":""acid"",""instances"":1,""targets"":1}]","[{""dice"":11,""sides"":4,""flat"":0,""attack_type"":""attack"",""save"":""none"",""damage_type"":""acid"",""instances"":1,""targets"":1}]","[{""dice"":9,""sides"":4,""flat"":0,""attack_type"":""none"",""save"":""none"",""damage_type"":""acid"",""instances"":1,""targets"":1}]"
Moonbeam,2,10,,[],[],"[{""dice"":2,""sides"":10,""flat"":0,""attack_type"":""save"",""save"":""CON"",""damage_type"":""radiant"",""instances"":1,""targets"":2}]","[{""dice"":2,""sides"":10,""flat"":0,""attack_type"":""save"",""save"":""CON"",""damage_type"":""radiant"",""instances"":1,""targets"":2}]","[{""dice"":3,""sides"":10,""flat"":0,""attack_type"":""save"",""save"":""CON"",""damage_type"":""radiant"",""instances"":1,""targets"":2}]","[{""dice"":3,""sides"":10,""flat"":0,""attack_type"":""save"",""save"":""CON"",""damage_type"":""radiant"",""instances"":1,""targets"":2}]","[{""dice"":4,""sides"":10,""flat"":0,""attack_type"":""save"",""save"":""CON"",""damage_type"":""radiant"",""instances"":1,""targets"":2}]","[{""dice"":4,""sides"":10,""flat"":0,""attack_type"":""save"",""save"":""CON"",""damage_type"":""radiant"",""instances"":1,""targets"":2}]","[{""dice"":5,""sides"":10,""flat"":0,""attack_type"":""save"",""save"":""CON"",""damage_type"":""radiant"",""instances"":1,""targets"":2}]","[{""dice"":5,""sides"":10,""flat"":0,""attack_type"":""save"",""save"":""CON"",""damage_type"":""radiant"",""instances"":1,""targets"":2}]","[{""dice"":6,""sides"":10,""flat"":0,""attack_type"":""save"",""save"":""CON"",""damage_type"":""radiant"",""instances"":1,""targets"":2}]","[{""dice"":6,""sides"":10,""flat"":0,""attack_type"":""save"",""save"":""CON"",""damage_type"":""radiant"",""instances"":1,""targets"":2}]","[{""dice"":7,""sides"":10,""flat"":0,""attack_type"":""save"",""save"":""CON"",""damage_type"":""radiant"",""instances"":1,""targets"":2}]","[{""dice"":7,""sides"":10,""flat"":0,""attack_type"":""save"",""save"":""CON"",""damage_type"":""radiant"",""instances"":1,""targets"":2}]","[{""dice"":8,""sides"":10,""flat"":0,""attack_type"":""save"",""save"":""CON"",""damage_type"":""radiant"",""instances"":1,""targets"":2}]","[{""dice"":8,""sides"":10,""flat"":0,""attack_type"":""save"",""save"":""CON"",""damage_type"":""radiant"",""instances"":1,""targets"":2}]","[{""dice"":9,""sides"":10,""flat"":0,""attack_type"":""save"",""save"":""CON"",""damage_type"":""radiant"",""instances"":1,""targets"":2}]","[{""dice"":9,""sides"":10,""flat"":0,""attack_type"":""save"",""save"":""CON"",""damage_type"":""radiant"",""instances"":1,""targets"":2}]"
Scorching Ray,2,1,,[],[],"[{""dice"":2,""sides"":6,""flat"":0,""attack_type"":""attack"",""save"":""none"",""damage_type"":""fire"",""instances"":3,""targets"":1}]",[],"[{""dice"":2,""sides"":6,""flat"":0,""attack_type"":""attack"",""save"":""none"",""damage_type"":""fire"",""instances"":4,""targets"":1}]",[],"[{""dice"":2,""sides"":6,""flat"":0,""attack_type"":""attack"",""save"":""none"",""damage_type"":""fire"",""instances"":5,""targets"":1}]",[],"[{""dice"":2,""sides"":6,""flat"":0,""attack_type"":""attack"",""save"":""none"",""damage_type"":""fire"",""instances"":6,""targets"":1}]",[],"[{""dice"":2,""sides"":6,""flat"":0,""attack_type"":""attack"",""save"":""none"",""damage_type"":""fire"",""instances"":7,""targets"":1}]",[],"[{""dice"":2,""sides"":6,""flat"":0,""attack_type"":""attack"",""save"":""none"",""damage_type"":""fire"",""instances"":8,""targets"":1}]",[],"[{""dice"":2,""sides"":6,""flat"":0,""attack_type"":""attack"",""save"":""none"",""damage_type"":""fire"",""instances"":9,""targets"":1}]",[],"[{""dice"":2,""sides"":6,""flat"":0,""attack_type"":""attack"",""save"":""none"",""damage_type"":""fire"",""instances"":10,""targets"":1}]",[]
Shatter,2,1,,[],[],"[{""dice"":3,""sides"":8,""flat"":0,""attack_type"":""save"",""save"":""CON"",""damage_type"":""thunder"",""instances"":1,""targets"":3}]",[],"[{""dice"":4,""sides"":8,""flat"":0,""attack_type"":""save"",""save"":""CON"",""damage_type"":""thunder"",""instances"":1,""targets"":3}]",[],"[{""dice"":5,""sides"":8,""flat"":0,""attack_type"":""save"",""save"":""CON"",""damage_type"":""thunder"",""instances"":1,""targets"":3}]",[],"[{""dice"":6,""sides"":8,""flat"":0,""attack_type"":""save"",""save"":""CON"",""damage_type"":""thunder"",""instances"":1,""targets"":3}]",[],"[{""dice"":7,""sides"":8,""flat"":0,""attack_type"":""save"",""save"":""CON"",""damage_type"":""thunder"",""instances"":1,""targets"":3}]",[],"[{""dice"":8,""sides"":8,""flat"":0,""attack_type"":""save"",""save"":""CON"",""damage_type"":""thunder"",""instances"":1,""targets"":3}]",[],"[{""dice"":9,""sides"":8,""flat"":0,""attack_type"":""save"",""save"":""CON"",""damage_type"":""thunder"",""instances"":1,""targets"":3}]",[],"[{""dice"":10,""sides"":8,""flat"":0,""attack_type"":""save"",""save"":""CON"",""damage_type"":""thunder"",""instances"":1,""targets"":3}]",[]
Snilloc's Snowball Swarm,2,1,,[],[],"[{""dice"":3,""sides"":6,""flat"":0,""attack_type"":""save"",""save"":""DEX"",""damage_type"":""cold"",""instances"":1,""targets"":3}]",[],"[{""dice"":4,""sides"":6,""flat"":0,""attack_type"":""save"",""save"":""DEX"",""damage_type"":""cold"",""instances"":1,""targets"":3}]",[],"[{""dice"":5,""sides"":6,""flat"":0,""attack_type"":""save"",""save"":""DEX"",""damage_type"":""cold"",""instances"":1,""targets"":3}]",[],"[{""dice"":6,""sides"":6,""flat"":0,""attack_type"":""save"",""save"":""DEX"",""damage_type"":""cold"",""instances"":1,""targets"":3}]",[],"[{""dice"":7,""sides"":6,""flat"":0,""attack_type"":""save"",""save"":""DEX"",""damage_type"":""cold"",""instances"":1,""targets"":3}]",[],"[{""dice"":8,""sides"":6,""flat"":0,""attack_type"":""save"",""save"":""DEX"",""damage_type"":""cold"",""instances"":1,""targets"":3}]",[],"[{""dice"":9,""sides"":6,""flat"":0,""attack_type"":""save"",""save"":""DEX"",""damage_type"":""cold"",""instances"":1,""targets"":3}]",[],"[{""dice"":10,""sides"":6,""flat"":0,""attack_type"":""save"",""save"":""DEX"",""damage_type"":""cold"",""instances"":1,""targets"":3}]",[]
Fireball,3,1,,[],[],[],[],"[{""dice"":8,""sides"":6,""flat"":0,""attack_type"":""save"",""save"":""DEX"",""damage_type"":""fire"",""instances"":1,""targets"":6}]",[],"[{""dice"":9,""sides"":6,""flat"":0,""attack_type"":""save"",""save"":""DEX"",""damage_type"":""fire"",""instances"":1,""targets"":6}]",[],"[{""dice"":10,""sides"":6,""flat"":0,""attack_type"":""save"",""save"":""DEX"",""damage_type"":""fire"",""instances"":1,""targets"":6}]",[],"[{""dice"":11,""sides"":6,""flat"":0,""attack_type"":""save"",""save"":""DEX"",""damage_type"":""fire"",""instances"":1,""targets"":6}]",[],"[{""dice"":12,""sides"":6,""flat"":0,""attack_type"":""save"",""save"":""DEX"",""damage_type"":""fire"",""instances"":1,""targets"":6}]",[],"[{""dice"":13,""sides"":6,""flat"":0,""attack_type"":""save"",""save"":""DEX"",""damage_type"":""fire"",""instances"":1,""targets"":6}]",[],"[{""dice"":14,""sides"":6,""flat"":0,""attack_type"":""save"",""save"":""DEX"",""damage_type"":""fire"",""instances"":1,""targets"":6}]",[]
Lightning Bolt,3,1,,[],[],[],[],"[{""dice"":8,""sides"":6,""flat"":0,""attack_type"":""save"",""save"":""DEX"",""damage_type"":""lightning"",""instances"":1,""targets"":4}]",[],"[{""dice"":9,""sides"":6,""flat"":0,""attack_type"":""save"",""save"":""DEX"",""damage_type"":""lightning"",""instances"":1,""targets"":4}]",[],"[{""dice"":10,""sides"":6,""flat"":0,""attack_type"":""save"",""save"":""DEX"",""damage_type"":""lightning"",""instances"":1,""targets"":4}]",[],"[{""dice"":11,""sides"":6,""flat"":0,""attack_type"":""save"",""save"":""DEX"",""damage_type"":""lightning"",""instances"":1,""targets"":4}]",[],"[{""dice"":12,""sides"":6,""flat"":0,""attack_type"":""save"",""save"":""DEX"",""damage_type"":""lightning"",""instances"":1,""targets"":4}]",[],"[{""dice"":13,""sides"":6,""flat"":0,""attack_type"":""save"",""save"":""DEX"",""damage_type"":""lightning"",""instances"":1,""targets"":4}]",[],"[{""dice"":14,""sides"":6,""flat"":0,""attack_type"":""save"",""save"":""DEX"",""damage_type"":""lightning"",""instances"":1,""targets"":4}]",[]
Melf's Minute Meteors,3,10,,[],[],[],[],"[{""dice"":2,""sides"":6,""flat"":0,""attack_type"":""save"",""save"":""DEX"",""damage_type"":""fire"",""instances"":2,""targets"":1}]","[{""dice"":2,""sides"":6,""flat"":0,""attack_type"":""save"",""save"":""DEX"",""damage_type"":""fire"",""instances"":2,""targets"":1}]","[{""dice"":2,""sides"":6,""flat"":0,""attack_type"":""save"",""save"":""DEX"",""damage_type"":""fire"",""instances"":2,""targets"":1}]","[{""dice"":2,""sides"":6,""flat"":0,""attack_type"":""save"",""save"":""DEX"",""damage_type"":""fire"",""instances"":2,""targets"":1}]","[{""dice"":2,""sides"":6,""flat"":0,""attack_type"":""save"",""save"":""DEX"",""damage_type"":""fire"",""instances"":2,""targets"":1}]","[{""dice"":2,""sides"":6,""flat"":0,""attack_type"":""save"",""save"":""DEX"",""damage_type"":""fire"",""instances"":2,""targets"":1}]","[{""dice"":2,""sides"":6,""flat"":0,""attack_type"":""save"",""save"":""DEX"",""damage_type"":""fire"",""instances"":2,""targets"":1}]","[{""dice"":2,""sides"":6,""flat"":0,""attack_type"":""save"",""save"":""DEX"",""damage_type"":""fire"",""instances"":2,""targets"":1}]","[{""dice"":2,""sides"":6,""flat"":0,""attack_type"":""save"",""save"":""DEX"",""damage_type"":""fire"",""instances"":2,""targets"":1}]","[{""dice"":2,""sides"":6,""flat"":0,""attack_type"":""save"",""save"":""DEX"",""damage_type"":""fire"",""instances"":2,""targets"":1}]","[{""dice"":2,""sides"":6,""flat"":0,""attack_type"":""save"",""save"":""DEX"",""damage_type"":""fire"",""instances"":2,""targets"":1}]","[{""dice"":2,""sides"":6,""flat"":0,""attack_type"":""save"",""save"":""DEX"",""damage_type"":""fire"",""instances"":2,""targets"":1}]","[{""dice"":2,""sides"":6,""flat"":0,""attack_type"":""save"",""save"":""DEX"",""damage_type"":""fire"",""instances"":2,""targets"":1}]","[{""dice"":2,""sides"":6,""flat"":0,""attack_type"":""save"",""save"":""DEX"",""damage_type"":""fire"",""instances"":2,""targets"":1}]"
Spirit Guardians,3,10,,[],[],[],[],[],"[{""dice"":3,""sides"":8,""flat"":0,""attack_type"":""save"",""save"":""WIS"",""damage_type"":""radiant"",""instances"":1,""targets"":3}]",[],"[{""dice"":4,""sides"":8,""flat"":0,""attack_type"":""save"",""save"":""WIS"",""damage_type"":""radiant"",""instances"":1,""targets"":3}]",[],"[{""dice"":5,""sides"":8,""flat"":0,""attack_type"":""save"",""save"":""WIS"",""damage_type"":""radiant"",""instances"":1,""targets"":3}]",[],"[{""dice"":6,""sides"":8,""flat"":0,""attack_type"":""save"",""save"":""WIS"",""damage_type"":""radiant"",""instances"":1,""targets"":3}]",[],"[{""dice"":7,""sides"":8,""flat"":0,""attack_type"":""save"",""save"":""WIS"",""damage_type"":""radiant"",""instances"":1,""targets"":3}]",[],"[{""dice"":8,""sides"":8,""flat"":0,""attack_type"":""save"",""save"":""WIS"",""damage_type"":""radiant"",""instances"":1,""targets"":3}]",[],"[{""dice"":9,""sides"":8,""flat"":0,""attack_type"":""save"",""save"":""WIS"",""damage_type"":""radiant"",""instances"":1,""targets"":3}]"
Tidal Wave,3,1,,[],[],[],[],"[{""dice"":4,""sides"":8,""flat"":0,""attack_type"":""save"",""save"":""DEX"",""damage_type"":""bludgeoning"",""instances"":1,""targets"":3}]",[],"[{""dice"":5,""sides"":8,""flat"":0,""attack_type"":""save"",""save"":""DEX"",""damage_type"":""bludgeoning"",""instances"":1,""targets"":3}]",[],"[{""dice"":6,""sides"":8,""flat"":0,""attack_type"":""save"",""save"":""DEX"",""damage_type"":""bludgeoning"",""instances"":1,""targets"":3}]",[],"[{""dice"":7,""sides"":8,""flat"":0,""attack_type"":""save"",""save"":""DEX"",""damage_type"":""bludgeoning"",""instances"":1,""targets"":3}]",[],"[{""dice"":8,""sides"":8,""flat"":0,""attack_type"":""save"",""save"":""DEX"",""damage_type"":""bludgeoning"",""instances"":1,""targets"":3}]",[],"[{""dice"":9,""sides"":8,""flat"":0,""attack_type"":""save"",""save"":""DEX"",""damage_type"":""bludgeoning"",""instances"":1,""targets"":3}]",[],"[{""dice"":10,""sides"":8,""flat"":0,""attack_type"":""save"",""save"":""DEX"",""damage_type"":""bludgeoning"",""instances"":1,""targets"":3}]",[]
Vampiric Touch,3,10,,[],[],[],[],"[{""dice"":3,""sides"":6,""flat"":0,""attack_type"":""attack"",""save"":""none"",""damage_type"":""necrotic"",""instances"":1,""targets"":1}]","[{""dice"":3,""sides"":6,""flat"":0,""attack_type"":""attack"",""save"":""none"",""damage_type"":""necrotic"",""instances"":1,""targets"":1}]","[{""dice"":4,""sides"":6,""flat"":0,""attack_type"":""attack"",""save"":""none"",""damage_type"":""necrotic"",""instances"":1,""targets"":1}]","[{""dice"":4,""sides"":6,""flat"":0,""attack_type"":""attack"",""save"":""none"",""damage_type"":""necrotic"",""instances"":1,""targets"":1}]","[{""dice"":5,""sides"":6,""flat"":0,""attack_type"":""attack"",""save"":""none"",""damage_type"":""necrotic"",""instances"":1,""targets"":1}]","[{""dice"":5,""sides"":6,""flat"":0,""attack_type"":""attack"",""save"":""none"",""damage_type"":""necrotic"",""instances"":1,""targets"":1}]","[{""dice"":6,""sides"":6,""flat"":0,""attack_type"":""attack"",""save"":""none"",""damage_type"":""necrotic"",""instances"":1,""targets"":1}]","[{""dice"":6,""sides"":6,""flat"":0,""attack_type"":""attack"",""save"":""none"",""damage_type"":""necrotic"",""instances"":1,""targets"":1}]","[{""dice"":7,""sides"":6,""flat"":0,""attack_type"":""attack"",""save"":""none"",""damage_type"":""necrotic"",""instances"":1,""targets"":1}]","[{""dice"":7,""sides"":6,""flat"":0,""attack_type"":""attack"",""save"":""none"",""damage_type"":""necrotic"",""instances"":1,""targets"":1}]","[{""dice"":8,""sides"":6,""flat"":0,""attack_type"":""attack"",""save"":""none"",""damage_type"":""necrotic"",""instances"":1,""targets"":1}]","[{""dice"":8,""sides"":6,""flat"":0,""attack_type"":""attack"",""save"":""none"",""damage_type"":""necrotic"",""instances"":1,""targets"":1}]","[{""dice"":9,""sides"":6,""flat"":0,""attack_type"":""attack"",""save"":""none"",""damage_type"":""necrotic"",""instances"":1,""targets"":1}]","[{""dice"":9,""sides"":6,""flat"":0,""attack_type"":""attack"",""save"":""none"",""damage_type"":""necrotic"",""instances"":1,""targets"":1}]"
Erupting Earth,3,1,,[],[],[],[],"[{""dice"":3,""sides"":12,""flat"":0,""attack_type"":""save"",""save"":""DEX"",""damage_type"":""bludgeoning"",""instances"":1,""targets"":4}]",[],"[{""dice"":4,""sides"":12,""flat"":0,""attack_type"":""save"",""save"":""DEX"",""damage_type"":""bludgeoning"",""instances"":1,""targets"":4}]",[],"[{""dice"":5,""sides"":12,""flat"":0,""attack_type"":""save"",""save"":""DEX"",""damage_type"":""bludgeoning"",""instances"":1,""targets"":4}]",[],"[{""dice"":6,""sides"":12,""flat"":0,""attack_type"":""save"",""save"":""DEX"",""damage_type"":""bludgeoning"",""instances"":1,""targets"":4}]",[],"[{""dice"":7,""sides"":12,""flat"":0,""attack_type"":""save"",""save"":""DEX"",""damage_type"":""bludgeoning"",""instances"":1,""targets"":4}]",[],"[{""dice"":8,""sides"":12,""flat"":0,""attack_type"":""save"",""save"":""DEX"",""damage_type"":""bludgeoning"",""instances"":1,""targets"":4}]",[],"[{""dice"":9,""sides"":12,""flat"":0,""attack_type"":""save"",""save"":""DEX"",""damage_type"":""bludgeoning"",""instances"":1,""targets"":4}]",[]
Lightning Arrow,3,1,,[],[],[],[],"[{""dice"":4,""sides"":8,""flat"":0,""attack_type"":""attack"",""save"":""none"",""damage_type"":""lightning"",""instances"":1,""targets"":1},{""dice"":2,""sides"":8,""flat"":0,""attack_type"":""save"",""save"":""DEX"",""damage_type"":""lightning"",""instances"":1,""targets"":2}]",[],"[{""dice"":5,""sides"":8,""flat"":0,""attack_type"":""attack"",""save"":""none"",""damage_type"":""lightning"",""instances"":1,""targets"":1},{""dice"":3,""sides"":8,""flat"":0,""attack_type"":""save"",""save"":""DEX"",""damage_type"":""lightning"",""instances"":1,""targets"":2}]",[],"[{""dice"":6,""sides"":8,""flat"":0,""attack_type"":""attack"",""save"":""none"",""damage_type"":""lightning"",""instances"":1,""targets"":1},{""dice"":4,""sides"":8,""flat"":0,""attack_type"":""save"",""save"":""DEX"",""damage_type"":""lightning"",""instances"":1,""targets"":2}]",[],"[{""dice"":7,""sides"":8,""flat"":0,""attack_type"":""attack"",""save"":""none"",""damage_type"":""lightning"",""instances"":1,""targets"":1},{""dice"":5,""sides"":8,""flat"":0,""attack_type"":""save"",""save"":""DEX"",""damage_type"":""lightning"",""instances"":1,""targets"":2}]",[],"[{""dice"":8,""sides"":8,""flat"":0,""attack_type"":""attack"",""save"":""none"",""damage_type"":""lightning"",""instances"":1,""targets"":1},{""dice"":6,""sides"":8,""flat"":0,""attack_type"":""save"",""save"":""DEX"",""damage_type"":""lightning"",""instances"":1,""targets"":2}]",[],"[{""dice"":9,""sides"":8,""flat"":0,""attack_type"":""attack"",""save"":""none"",""damage_type"":""lightning"",""instances"":1,""targets"":1},{""dice"":7,""sides"":8,""flat"":0,""attack_type"":""save"",""save"":""DEX"",""damage_type"":""lightning"",""instances"":1,""targets"":2}]",[],"[{""dice"":10,""sides"":8,""flat"":0,""attack_type"":""attack"",""save"":""none"",""damage_type"":""lightning"",""instances"":1,""targets"":1},{""dice"":8,""sides"":8,""flat"":0,""attack_type"":""save"",""save"":""DEX"",""damage_type"":""lightning"",""instances"":1,""targets"":2}]",[]
Blight,4,1,,[],[],[],[],[],[],"[{""dice"":8,""sides"":8,""flat"":0,""attack_type"":""save"",""save"":""CON"",""damage_type"":""necrotic"",""instances"":1,""targets"":1}]",[],"[{""dice"":9,""sides"":8,""flat"":0,""attack_type"":""save"",""save"":""CON"",""damage_type"":""necrotic"",""instances"":1,""targets"":1}]",[],"[{""dice"":10,""sides"":8,""flat"":0,""attack_type"":""save"",""save"":""CON"",""damage_type"":""necrotic"",""instances"":1,""targets"":1}]",[],"[{""dice"":11,""sides"":8,""flat"":0,""attack_type"":""save"",""save"":""CON"",""damage_type"":""necrotic"",""instances"":1,""targets"":1}]",[],"[{""dice"":12,""sides"":8,""flat"":0,""attack_type"":""save"",""save"":""CON"",""damage_type"":""necrotic"",""instances"":1,""targets"":1}]",[],"[{""dice"":13,""sides"":8,""flat"":0,""attack_type"":""save"",""save"":""CON"",""damage_type"":""necrotic"",""instances"":1,""targets"":1}]",[]
Ice Storm,4,1,,[],[],[],[],[],[],"[{""dice"":2,""sides"":8,""flat"":0,""attack_type"":""save"",""save"":""DEX"",""damage_type"":""bludgeoning"",""instances"":1,""targets"":4},{""dice"":4,""sides"":6,""flat"":0,""attack_type"":""save"",""save"":""DEX"",""damage_type"":""cold"",""instances"":1,""targets"":4}]",[],"[{""dice"":2,""sides"":8,""flat"":0,""attack_type"":""save"",""save"":""DEX"",""damage_type"":""bludgeoning"",""instances"":1,""targets"":4},{""dice"":5,""sides"":6,""flat"":0,""attack_type"":""save"",""save"":""DEX"",""damage_type"":""cold"",""instances"":1,""targets"":4}]",[],"[{""dice"":2,""sides"":8,""flat"":0,""attack_type"":""save"",""save"":""DEX"",""damage_type"":""bludgeoning"",""instances"":1,""targets"":4},{""dice"":6,""sides"":6,""flat"":0,""attack_type"":""save"",""save"":""DEX"",""damage_type"":""cold"",""instances"":1,""targets"":4}]",[],"[{""dice"":2,""sides"":8,""flat"":0,""attack_type"":""save"",""save"":""DEX"",""damage_type"":""bludgeoning"",""instances"":1,""targets"":4},{""dice"":7,""sides"":6,""flat"":0,""attack_type"":""save"",""save"":""DEX"",""damage_type"":""cold"",""instances"":1,""targets"":4}]",[],"[{""dice"":2,""sides"":8,""flat"":0,""attack_type"":""save"",""save"":""DEX"",""damage_type"":""bludgeoning"",""instances"":1,""targets"":4},{""dice"":8,""sides"":6,""flat"":0,""attack_type"":""save"",""save"":""DEX"",""damage_type"":""cold"",""instances"":1,""targets"":4}]",[],"[{""dice"":2,""sides"":8,""flat"":0,""attack_type"":""save"",""save"":""DEX"",""damage_type"":""bludgeoning"",""instances"":1,""targets"":4},{""dice"":9,""sides"":6,""flat"":0,""attack_type"":""save"",""save"":""DEX"",""damage_type"":""cold"",""instances"":1,""targets"":4}]",[]
Sickening Radiance,4,10,,[],[],[],[],[],[],[],"[{""dice"":4,""sides"":10,""flat"":0,""attack_type"":""save"",""save"":""CON"",""damage_type"":""radiant"",""instances"":1,""targets"":4}]",[],"[{""dice"":5,""sides"":10,""flat"":0,""attack_type"":""save"",""save"":""CON"",""damage_type"":""radiant"",""instances"":1,""targets"":4}]",[],"[{""dice"":6,""sides"":10,""flat"":0,""attack_type"":""save"",""save"":""CON"",""damage_type"":""radiant"",""instances"":1,""targets"":4}]",[],"[{""dice"":7,""sides"":10,""flat"":0,""attack_type"":""save"",""save"":""CON"",""damage_type"":""radiant"",""instances"":1,""targets"":4}]",[],"[{""dice"":8,""sides"":10,""flat"":0,""attack_type"":""save"",""save"":""CON"",""damage_type"":""radiant"",""instances"":1,""targets"":4}]",[],"[{""dice"":9,""sides"":10,""flat"":0,""attack_type"":""save"",""save"":""CON"",""damage_type"":""radiant"",""instances"":1,""targets"":4}]"
Storm Sphere,4,10,,[],[],[],[],[],[],"[{""dice"":2,""sides"":6,""flat"":0,""attack_type"":""save"",""save"":""DEX"",""damage_type"":""bludgeoning"",""instances"":1,""targets"":2}]","[{""dice"":4,""sides"":6,""flat"":0,""attack_type"":""attack"",""save"":""none"",""damage_type"":""lightning"",""instances"":1,""targets"":1}]","[{""dice"":3,""sides"":6,""flat"":0,""attack_type"":""save"",""save"":""DEX"",""damage_type"":""bludgeoning"",""instances"":1,""targets"":2}]","[{""dice"":4,""sides"":6,""flat"":0,""attack_type"":""attack"",""save"":""none"",""damage_type"":""lightning"",""instances"":1,""targets"":1}]","[{""dice"":4,""sides"":6,""flat"":0,""attack_type"":""save"",""save"":""DEX"",""damage_type"":""bludgeoning"",""instances"":1,""targets"":2}]","[{""dice"":4,""sides"":6,""flat"":0,""attack_type"":""attack"",""save"":""none"",""damage_type"":""lightning"",""instances"":1,""targets"":1}]","[{""dice"":5,""sides"":6,""flat"":0,""attack_type"":""save"",""save"":""DEX"",""damage_type"":""bludgeoning"",""instances"":1,""targets"":2}]","[{""dice"":4,""sides"":6,""flat"":0,""attack_type"":""attack"",""save"":""none"",""damage_type"":""lightning"",""instances"":1,""targets"":1}]","[{""dice"":6,""sides"":6,""flat"":0,""attack_type"":""save"",""save"":""DEX"",""damage_type"":""bludgeoning"",""instances"":1,""targets"":2}]","[{""dice"":4,""sides"":6,""flat"":0,""attack_type"":""attack"",""save"":""none"",""damage_type"":""lightning"",""instances"":1,""targets"":1}]","[{""dice"":7,""sides"":6,""flat"":0,""attack_type"":""save"",""save"":""DEX"",""damage_type"":""bludgeoning"",""instances"":1,""targets"":2}]","[{""dice"":4,""sides"":6,""flat"":0,""attack_type"":""attack"",""save"":""none"",""damage_type"":""lightning"",""instances"":1,""targets"":1}]"
Vitriolic Sphere,4,2,,[],[],[],[],[],[],"[{""dice"":10,""sides"":4,""flat"":0,""attack_type"":""save"",""save"":""DEX"",""damage_type"":""acid"",""instances"":1,""targets"":4}]","[{""dice"":5,""sides"":4,""flat"":0,""attack_type"":""none"",""save"":""none"",""damage_type"":""acid"",""instances"":1,""targets"":4}]","[{""dice"":12,""sides"":4,""flat"":0,""attack_type"":""save"",""save"":""DEX"",""damage_type"":""acid"",""instances"":1,""targets"":4}]","[{""dice"":5,""sides"":4,""flat"":0,""attack_type"":""none"",""save"":""none"",""damage_type"":""acid"",""instances"":1,""targets"":4}]","[{""dice"":14,""sides"":4,""flat"":0,""attack_type"":""save"",""save"":""DEX"",""damage_type"":""acid"",""instances"":1,""targets"":4}]","[{""dice"":5,""sides"":4,""flat"":0,""attack_type"":""none"",""save"":""none"",""damage_type"":""acid"",""instances"":1,""targets"":4}]","[{""dice"":16,""sides"":4,""flat"":0,""attack_type"":""save"",""save"":""DEX"",""damage_type"":""acid"",""instances"":1,""targets"":4}]","[{""dice"":5,""sides"":4,""flat"":0,""attack_type"":""none"",""save"":""none"",""damage_type"":""acid"",""instances"":1,""targets"":4}]","[{""dice"":18,""sides"":4,""flat"":0,""attack_type"":""save"",""save"":""DEX"",""damage_type"":""acid"",""instances"":1,""targets"":4}]","[{""dice"":5,""sides"":4,""flat"":0,""attack_type"":""none"",""save"":""none"",""damage_type"":""acid"",""instances"":1,""targets"":4}]","[{""dice"":20,""sides"":4,""flat"":0,""attack_type"":""save"",""save"":""DEX"",""damage_type"":""acid"",""instances"":1,""targets"":4}]","[{""dice"":5,""sides"":4,""flat"":0,""attack_type"":""none"",""save"":""none"",""damage_type"":""acid"",""instances"":1,""targets"":4}]"
Wall of Fire,4,10,,[],[],[],[],[],[],"[{""dice"":5,""sides"":8,""flat"":0,""attack_type"":""save"",""save"":""DEX"",""damage_type"":""fire"",""instances"":1,""targets"":3}]","[{""dice"":5,""sides"":8,""flat"":0,""attack_type"":""save"",""save"":""DEX"",""damage_type"":""fire"",""instances"":1,""targets"":3}]","[{""dice"":6,""sides"":8,""flat"":0,""attack_type"":""save"",""save"":""DEX"",""damage_type"":""fire"",""instances"":1,""targets"":3}]","[{""dice"":6,""sides"":8,""flat"":0,""attack_type"":""save"",""save"":""DEX"",""damage_type"":""fire"",""instances"":1,""targets"":3}]","[{""dice"":7,""sides"":8,""flat"":0,""attack_type"":""save"",""save"":""DEX"",""damage_type"":""fire"",""instances"":1,""targets"":3}]","[{""dice"":7,""sides"":8,""flat"":0,""attack_type"":""save"",""save"":""DEX"",""damage_type"":""fire"",""instances"":1,""targets"":3}]","[{""dice"":8,""sides"":8,""flat"":0,""attack_type"":""save"",""save"":""DEX"",""damage_type"":""fire"",""instances"":1,""targets"":3}]","[{""dice"":8,""sides"":8,""flat"":0,""attack_type"":""save"",""save"":""DEX"",""damage_type"":""fire"",""instances"":1,""targets"":3}]","[{""dice"":9,""sides"":8,""flat"":0,""attack_type"":""save"",""save"":""DEX"",""damage_type"":""fire"",""instances"":1,""targets"":3}]","[{""dice"":9,""sides"":8,""flat"":0,""attack_type"":""save"",""save"":""DEX"",""damage_type"":""fire"",""instances"":1,""targets"":3}]","[{""dice"":10,""sides"":8,""flat"":0,""attack_type"":""save"",""save"":""DEX"",""damage_type"":""fire"",""instances"":1,""targets"":3}]","[{""dice"":10,""sides"":8,""flat"":0,""attack_type"":""save"",""save"":""DEX"",""damage_type"":""fire"",""instances"":1,""targets"":3}]"
Cone of Cold,5,1,,[],[],[],[],[],[],[],[],"[{""dice"":8,""sides"":8,""flat"":0,""attack_type"":""save"",""save"":""CON"",""damage_type"":""cold"",""instances"":1,""targets"":6}]",[],"[{""dice"":9,""sides"":8,""flat"":0,""attack_type"":""save"",""save"":""CON"",""damage_type"":""cold"",""instances"":1,""targets"":6}]",[],"[{""dice"":10,""sides"":8,""flat"":0,""attack_type"":""save"",""save"":""CON"",""damage_type"":""cold"",""instances"":1,""targets"":6}]",[],"[{""dice"":11,""sides"":8,""flat"":0,""attack_type"":""save"",""save"":""CON"",""damage_type"":""cold"",""instances"":1,""targets"":6}]",[],"[{""dice"":12,""sides"":8,""flat"":0,""attack_type"":""save"",""save"":""CON"",""damage_type"":""cold"",""instances"":1,""targets"":6}]",[]
Flame Strike,5,1,,[],[],[],[],[],[],[],[],"[{""dice"":4,""sides"":6,""flat"":0,""attack_type"":""save"",""save"":""DEX"",""damage_type"":""fire"",""instances"":1,""targets"":4},{""dice"":4,""sides"":6,""flat"":0,""attack_type"":""save"",""save"":""DEX"",""damage_type"":""radiant"",""instances"":1,""targets"":4}]",[],"[{""dice"":5,""sides"":6,""flat"":0,""attack_type"":""save"",""save"":""DEX"",""damage_type"":""fire"",""instances"":1,""targets"":4},{""dice"":4,""sides"":6,""flat"":0,""attack_type"":""save"",""save"":""DEX"",""damage_type"":""radiant"",""instances"":1,""targets"":4}]",[],"[{""dice"":6,""sides"":6,""flat"":0,""attack_type"":""save"",""save"":""DEX"",""damage_type"":""fire"",""instances"":1,""targets"":4},{""dice"":4,""sides"":6,""flat"":0,""attack_type"":""save"",""save"":""DEX"",""damage_type"":""radiant"",""instances"":1,""targets"":4}]",[],"[{""dice"":7,""sides"":6,""flat"":0,""attack_type"":""save"",""save"":""DEX"",""damage_type"":""fire"",""instances"":1,""targets"":4},{""dice"":4,""sides"":6,""flat"":0,""attack_type"":""save"",""save"":""DEX"",""damage_type"":""radiant"",""instances"":1,""targets"":4}]",[],"[{""dice"":8,""sides"":6,""flat"":0,""attack_type"":""save"",""save"":""DEX"",""damage_type"":""fire"",""instances"":1,""targets"":4},{""dice"":4,""sides"":6,""flat"":0,""attack_type"":""save"",""save"":""DEX"",""damage_type"":""radiant"",""instances"":1,""targets"":4}]",[]
Immolation,5,10,Repeat damage is conditional after a failed initial save.,[],[],[],[],[],[],[],[],"[{""dice"":8,""sides"":6,""flat"":0,""attack_type"":""save"",""save"":""DEX"",""damage_type"":""fire"",""instances"":1,""targets"":1}]","[{""dice"":4,""sides"":6,""flat"":0,""attack_type"":""save"",""save"":""DEX"",""damage_type"":""fire"",""instances"":1,""targets"":1,""notes"":""conditional ongoing damage after failed initial save""}]","[{""dice"":9,""sides"":6,""flat"":0,""attack_type"":""save"",""save"":""DEX"",""damage_type"":""fire"",""instances"":1,""targets"":1}]","[{""dice"":4,""sides"":6,""flat"":0,""attack_type"":""save"",""save"":""DEX"",""damage_type"":""fire"",""instances"":1,""targets"":1,""notes"":""conditional ongoing damage after failed initial save""}]","[{""dice"":10,""sides"":6,""flat"":0,""attack_type"":""save"",""save"":""DEX"",""damage_type"":""fire"",""instances"":1,""targets"":1}]","[{""dice"":4,""sides"":6,""flat"":0,""attack_type"":""save"",""save"":""DEX"",""damage_type"":""fire"",""instances"":1,""targets"":1,""notes"":""conditional ongoing damage after failed initial save""}]","[{""dice"":11,""sides"":6,""flat"":0,""attack_type"":""save"",""save"":""DEX"",""damage_type"":""fire"",""instances"":1,""targets"":1}]","[{""dice"":4,""sides"":6,""flat"":0,""attack_type"":""save"",""save"":""DEX"",""damage_type"":""fire"",""instances"":1,""targets"":1,""notes"":""conditional ongoing damage after failed initial save""}]","[{""dice"":12,""sides"":6,""flat"":0,""attack_type"":""save"",""save"":""DEX"",""damage_type"":""fire"",""instances"":1,""targets"":1}]","[{""dice"":4,""sides"":6,""flat"":0,""attack_type"":""save"",""save"":""DEX"",""damage_type"":""fire"",""instances"":1,""targets"":1,""notes"":""conditional ongoing damage after failed initial save""}]"
Insect Plague,5,10,,[],[],[],[],[],[],[],[],"[{""dice"":4,""sides"":10,""flat"":0,""attack_type"":""save"",""save"":""CON"",""damage_type"":""piercing"",""instances"":1,""targets"":4}]","[{""dice"":4,""sides"":10,""flat"":0,""attack_type"":""save"",""save"":""CON"",""damage_type"":""piercing"",""instances"":1,""targets"":4}]","[{""dice"":5,""sides"":10,""flat"":0,""attack_type"":""save"",""save"":""CON"",""damage_type"":""piercing"",""instances"":1,""targets"":4}]","[{""dice"":5,""sides"":10,""flat"":0,""attack_type"":""save"",""save"":""CON"",""damage_type"":""piercing"",""instances"":1,""targets"":4}]","[{""dice"":6,""sides"":10,""flat"":0,""attack_type"":""save"",""save"":""CON"",""damage_type"":""piercing"",""instances"":1,""targets"":4}]","[{""dice"":6,""sides"":10,""flat"":0,""attack_type"":""save"",""save"":""CON"",""damage_type"":""piercing"",""instances"":1,""targets"":4}]","[{""dice"":7,""sides"":10,""flat"":0,""attack_type"":""save"",""save"":""CON"",""damage_type"":""piercing"",""instances"":1,""targets"":4}]","[{""dice"":7,""sides"":10,""flat"":0,""attack_type"":""save"",""save"":""CON"",""damage_type"":""piercing"",""instances"":1,""targets"":4}]","[{""dice"":8,""sides"":10,""flat"":0,""attack_type"":""save"",""save"":""CON"",""damage_type"":""piercing"",""instances"":1,""targets"":4}]","[{""dice"":8,""sides"":10,""flat"":0,""attack_type"":""save"",""save"":""CON"",""damage_type"":""piercing"",""instances"":1,""targets"":4}]"
Steel Wind Strike,5,1,,[],[],[],[],[],[],[],[],"[{""dice"":6,""sides"":10,""flat"":0,""attack_type"":""attack"",""save"":""none"",""damage_type"":""force"",""instances"":1,""targets"":5}]",[],"[{""dice"":6,""sides"":10,""flat"":0,""attack_type"":""attack"",""save"":""none"",""damage_type"":""force"",""instances"":1,""targets"":5}]",[],"[{""dice"":6,""sides"":10,""flat"":0,""attack_type"":""attack"",""save"":""none"",""damage_type"":""force"",""instances"":1,""targets"":5}]",[],"[{""dice"":6,""sides"":10,""flat"":0,""attack_type"":""attack"",""save"":""none"",""damage_type"":""force"",""instances"":1,""targets"":5}]",[],"[{""dice"":6,""sides"":10,""flat"":0,""attack_type"":""attack"",""save"":""none"",""damage_type"":""force"",""instances"":1,""targets"":5}]",[]
Synaptic Static,5,1,,[],[],[],[],[],[],[],[],"[{""dice"":8,""sides"":6,""flat"":0,""attack_type"":""save"",""save"":""INT"",""damage_type"":""psychic"",""instances"":1,""targets"":4}]",[],"[{""dice"":9,""sides"":6,""flat"":0,""attack_type"":""save"",""save"":""INT"",""damage_type"":""psychic"",""instances"":1,""targets"":4}]",[],"[{""dice"":10,""sides"":6,""flat"":0,""attack_type"":""save"",""save"":""INT"",""damage_type"":""psychic"",""instances"":1,""targets"":4}]",[],"[{""dice"":11,""sides"":6,""flat"":0,""attack_type"":""save"",""save"":""INT"",""damage_type"":""psychic"",""instances"":1,""targets"":4}]",[],"[{""dice"":12,""sides"":6,""flat"":0,""attack_type"":""save"",""save"":""INT"",""damage_type"":""psychic"",""instances"":1,""targets"":4}]",[]
Chain Lightning,6,1,,[],[],[],[],[],[],[],[],[],[],"[{""dice"":10,""sides"":8,""flat"":0,""attack_type"":""save"",""save"":""DEX"",""damage_type"":""lightning"",""instances"":1,""targets"":4}]",[],"[{""dice"":10,""sides"":8,""flat"":0,""attack_type"":""save"",""save"":""DEX"",""damage_type"":""lightning"",""instances"":1,""targets"":5}]",[],"[{""dice"":10,""sides"":8,""flat"":0,""attack_type"":""save"",""save"":""DEX"",""damage_type"":""lightning"",""instances"":1,""targets"":6}]",[],"[{""dice"":10,""sides"":8,""flat"":0,""attack_type"":""save"",""save"":""DEX"",""damage_type"":""lightning"",""instances"":1,""targets"":7}]",[]
Circle of Death,6,1,,[],[],[],[],[],[],[],[],[],[],"[{""dice"":8,""sides"":6,""flat"":0,""attack_type"":""save"",""save"":""CON"",""damage_type"":""necrotic"",""instances"":1,""targets"":6}]",[],"[{""dice"":10,""sides"":6,""flat"":0,""attack_type"":""save"",""save"":""CON"",""damage_type"":""necrotic"",""instances"":1,""targets"":6}]",[],"[{""dice"":12,""sides"":6,""flat"":0,""attack_type"":""save"",""save"":""CON"",""damage_type"":""necrotic"",""instances"":1,""targets"":6}]",[],"[{""dice"":14,""sides"":6,""flat"":0,""attack_type"":""save"",""save"":""CON"",""damage_type"":""necrotic"",""instances"":1,""targets"":6}]",[]
Disintegrate,6,1,,[],[],[],[],[],[],[],[],[],[],"[{""dice"":10,""sides"":6,""flat"":0,""attack_type"":""save"",""save"":""DEX"",""damage_type"":""force"",""instances"":1,""targets"":1}]",[],"[{""dice"":13,""sides"":6,""flat"":0,""attack_type"":""save"",""save"":""DEX"",""damage_type"":""force"",""instances"":1,""targets"":1}]",[],"[{""dice"":16,""sides"":6,""flat"":0,""attack_type"":""save"",""save"":""DEX"",""damage_type"":""force"",""instances"":1,""targets"":1}]",[],"[{""dice"":19,""sides"":6,""flat"":0,""attack_type"":""save"",""save"":""DEX"",""damage_type"":""force"",""instances"":1,""targets"":1}]",[]
Sunbeam,6,10,,[],[],[],[],[],[],[],[],[],[],"[{""dice"":6,""sides"":8,""flat"":0,""attack_type"":""save"",""save"":""CON"",""damage_type"":""radiant"",""instances"":1,""targets"":3}]","[{""dice"":6,""sides"":8,""flat"":0,""attack_type"":""save"",""save"":""CON"",""damage_type"":""radiant"",""instances"":1,""targets"":3}]","[{""dice"":6,""sides"":8,""flat"":0,""attack_type"":""save"",""save"":""CON"",""damage_type"":""radiant"",""instances"":1,""targets"":3}]","[{""dice"":6,""sides"":8,""flat"":0,""attack_type"":""save"",""save"":""CON"",""damage_type"":""radiant"",""instances"":1,""targets"":3}]","[{""dice"":6,""sides"":8,""flat"":0,""attack_type"":""save"",""save"":""CON"",""damage_type"":""radiant"",""instances"":1,""targets"":3}]","[{""dice"":6,""sides"":8,""flat"":0,""attack_type"":""save"",""save"":""CON"",""damage_type"":""radiant"",""instances"":1,""targets"":3}]","[{""dice"":6,""sides"":8,""flat"":0,""attack_type"":""save"",""save"":""CON"",""damage_type"":""radiant"",""instances"":1,""targets"":3}]","[{""dice"":6,""sides"":8,""flat"":0,""attack_type"":""save"",""save"":""CON"",""damage_type"":""radiant"",""instances"":1,""targets"":3}]"
Otiluke's Freezing Sphere,6,1,,[],[],[],[],[],[],[],[],[],[],"[{""dice"":10,""sides"":6,""flat"":0,""attack_type"":""save"",""save"":""CON"",""damage_type"":""cold"",""instances"":1,""targets"":4}]",[],"[{""dice"":11,""sides"":6,""flat"":0,""attack_type"":""save"",""save"":""CON"",""damage_type"":""cold"",""instances"":1,""targets"":4}]",[],"[{""dice"":12,""sides"":6,""flat"":0,""attack_type"":""save"",""save"":""CON"",""damage_type"":""cold"",""instances"":1,""targets"":4}]",[],"[{""dice"":13,""sides"":6,""flat"":0,""attack_type"":""save"",""save"":""CON"",""damage_type"":""cold"",""instances"":1,""targets"":4}]",[]
Delayed Blast Fireball,7,1,Per-round concentration growth is not encoded; slot-based damage only.,[],[],[],[],[],[],[],[],[],[],[],[],"[{""dice"":12,""sides"":6,""flat"":0,""attack_type"":""save"",""save"":""DEX"",""damage_type"":""fire"",""instances"":1,""targets"":6}]",[],"[{""dice"":13,""sides"":6,""flat"":0,""attack_type"":""save"",""save"":""DEX"",""damage_type"":""fire"",""instances"":1,""targets"":6}]",[],"[{""dice"":14,""sides"":6,""flat"":0,""attack_type"":""save"",""save"":""DEX"",""damage_type"":""fire"",""instances"":1,""targets"":6}]",[]
Finger of Death,7,1,,[],[],[],[],[],[],[],[],[],[],[],[],"[{""dice"":7,""sides"":8,""flat"":0,""attack_type"":""save"",""save"":""CON"",""damage_type"":""necrotic"",""instances"":1,""targets"":1}]",[],"[{""dice"":7,""sides"":8,""flat"":0,""attack_type"":""save"",""save"":""CON"",""damage_type"":""necrotic"",""instances"":1,""targets"":1}]",[],"[{""dice"":7,""sides"":8,""flat"":0,""attack_type"":""save"",""save"":""CON"",""damage_type"":""necrotic"",""instances"":1,""targets"":1}]",[]
Fire Storm,7,1,,[],[],[],[],[],[],[],[],[],[],[],[],"[{""dice"":7,""sides"":10,""flat"":0,""attack_type"":""save"",""save"":""DEX"",""damage_type"":""fire"",""instances"":1,""targets"":6}]",[],"[{""dice"":8,""sides"":10,""flat"":0,""attack_type"":""save"",""save"":""DEX"",""damage_type"":""fire"",""instances"":1,""targets"":6}]",[],"[{""dice"":9,""sides"":10,""flat"":0,""attack_type"":""save"",""save"":""DEX"",""damage_type"":""fire"",""instances"":1,""targets"":6}]",[]
Prismatic Spray,7,1,Random color effects are simplified to one 10d6 random-damage packet.,[],[],[],[],[],[],[],[],[],[],[],[],"[{""dice"":10,""sides"":6,""flat"":0,""attack_type"":""save"",""save"":""DEX"",""damage_type"":""random"",""instances"":1,""targets"":3,""notes"":""random color determines damage type/effect""}]",[],"[{""dice"":10,""sides"":6,""flat"":0,""attack_type"":""save"",""save"":""DEX"",""damage_type"":""random"",""instances"":1,""targets"":3,""notes"":""random color determines damage type/effect""}]",[],"[{""dice"":10,""sides"":6,""flat"":0,""attack_type"":""save"",""save"":""DEX"",""damage_type"":""random"",""instances"":1,""targets"":3,""notes"":""random color determines damage type/effect""}]",[]
Whirlwind,7,10,,[],[],[],[],[],[],[],[],[],[],[],[],"[{""dice"":10,""sides"":10,""flat"":0,""attack_type"":""save"",""save"":""DEX"",""damage_type"":""bludgeoning"",""instances"":1,""targets"":4}]","[{""dice"":10,""sides"":10,""flat"":0,""attack_type"":""save"",""save"":""DEX"",""damage_type"":""bludgeoning"",""instances"":1,""targets"":4}]","[{""dice"":11,""sides"":10,""flat"":0,""attack_type"":""save"",""save"":""DEX"",""damage_type"":""bludgeoning"",""instances"":1,""targets"":4}]","[{""dice"":11,""sides"":10,""flat"":0,""attack_type"":""save"",""save"":""DEX"",""damage_type"":""bludgeoning"",""instances"":1,""targets"":4}]","[{""dice"":12,""sides"":10,""flat"":0,""attack_type"":""save"",""save"":""DEX"",""damage_type"":""bludgeoning"",""instances"":1,""targets"":4}]","[{""dice"":12,""sides"":10,""flat"":0,""attack_type"":""save"",""save"":""DEX"",""damage_type"":""bludgeoning"",""instances"":1,""targets"":4}]"
Abi-Dalzim's Horrid Wilting,8,1,,[],[],[],[],[],[],[],[],[],[],[],[],[],[],"[{""dice"":12,""sides"":8,""flat"":0,""attack_type"":""save"",""save"":""CON"",""damage_type"":""necrotic"",""instances"":1,""targets"":6}]",[],"[{""dice"":12,""sides"":8,""flat"":0,""attack_type"":""save"",""save"":""CON"",""damage_type"":""necrotic"",""instances"":1,""targets"":6}]",[]
Incendiary Cloud,8,10,,[],[],[],[],[],[],[],[],[],[],[],[],[],[],"[{""dice"":10,""sides"":8,""flat"":0,""attack_type"":""save"",""save"":""DEX"",""damage_type"":""fire"",""instances"":1,""targets"":6}]","[{""dice"":10,""sides"":8,""flat"":0,""attack_type"":""save"",""save"":""DEX"",""damage_type"":""fire"",""instances"":1,""targets"":6}]","[{""dice"":11,""sides"":8,""flat"":0,""attack_type"":""save"",""save"":""DEX"",""damage_type"":""fire"",""instances"":1,""targets"":6}]","[{""dice"":11,""sides"":8,""flat"":0,""attack_type"":""save"",""save"":""DEX"",""damage_type"":""fire"",""instances"":1,""targets"":6}]"
Maddening Darkness,8,10,,[],[],[],[],[],[],[],[],[],[],[],[],[],[],[],"[{""dice"":8,""sides"":8,""flat"":0,""attack_type"":""save"",""save"":""WIS"",""damage_type"":""psychic"",""instances"":1,""targets"":6}]",[],"[{""dice"":9,""sides"":8,""flat"":0,""attack_type"":""save"",""save"":""WIS"",""damage_type"":""psychic"",""instances"":1,""targets"":6}]"
Sunburst,8,1,,[],[],[],[],[],[],[],[],[],[],[],[],[],[],"[{""dice"":12,""sides"":6,""flat"":0,""attack_type"":""save"",""save"":""CON"",""damage_type"":""radiant"",""instances"":1,""targets"":6}]",[],"[{""dice"":12,""sides"":6,""flat"":0,""attack_type"":""save"",""save"":""CON"",""damage_type"":""radiant"",""instances"":1,""targets"":6}]",[]
Meteor Swarm,9,1,Mixed damage encoded as separate fire and bludgeoning packets.,[],[],[],[],[],[],[],[],[],[],[],[],[],[],[],[],"[{""dice"":20,""sides"":6,""flat"":0,""attack_type"":""save"",""save"":""DEX"",""damage_type"":""fire"",""instances"":1,""targets"":8},{""dice"":20,""sides"":6,""flat"":0,""attack_type"":""save"",""save"":""DEX"",""damage_type"":""bludgeoning"",""instances"":1,""targets"":8}]",[]
Psychic Scream,9,1,,[],[],[],[],[],[],[],[],[],[],[],[],[],[],[],[],"[{""dice"":14,""sides"":6,""flat"":0,""attack_type"":""save"",""save"":""INT"",""damage_type"":""psychic"",""instances"":1,""targets"":6}]",[]
Blade of Disaster,9,10,,[],[],[],[],[],[],[],[],[],[],[],[],[],[],[],[],"[{""dice"":4,""sides"":12,""flat"":0,""attack_type"":""attack"",""save"":""none"",""damage_type"":""force"",""instances"":2,""targets"":1}]","[{""dice"":4,""sides"":12,""flat"":0,""attack_type"":""attack"",""save"":""none"",""damage_type"":""force"",""instances"":2,""targets"":1}]"
Spiritual Weapon,2,10,,[],[],"[{""dice"":1,""sides"":8,""flat"":0,""attack_type"":""attack"",""save"":""none"",""damage_type"":""force"",""instances"":1,""targets"":1}]","[{""dice"":1,""sides"":8,""flat"":0,""attack_type"":""attack"",""save"":""none"",""damage_type"":""force"",""instances"":1,""targets"":1}]","[{""dice"":2,""sides"":8,""flat"":0,""attack_type"":""attack"",""save"":""none"",""damage_type"":""force"",""instances"":1,""targets"":1}]","[{""dice"":2,""sides"":8,""flat"":0,""attack_type"":""attack"",""save"":""none"",""damage_type"":""force"",""instances"":1,""targets"":1}]","[{""dice"":3,""sides"":8,""flat"":0,""attack_type"":""attack"",""save"":""none"",""damage_type"":""force"",""instances"":1,""targets"":1}]","[{""dice"":3,""sides"":8,""flat"":0,""attack_type"":""attack"",""save"":""none"",""damage_type"":""force"",""instances"":1,""targets"":1}]","[{""dice"":4,""sides"":8,""flat"":0,""attack_type"":""attack"",""save"":""none"",""damage_type"":""force"",""instances"":1,""targets"":1}]","[{""dice"":4,""sides"":8,""flat"":0,""attack_type"":""attack"",""save"":""none"",""damage_type"":""force"",""instances"":1,""targets"":1}]","[{""dice"":5,""sides"":8,""flat"":0,""attack_type"":""attack"",""save"":""none"",""damage_type"":""force"",""instances"":1,""targets"":1}]","[{""dice"":5,""sides"":8,""flat"":0,""attack_type"":""attack"",""save"":""none"",""damage_type"":""force"",""instances"":1,""targets"":1}]","[{""dice"":6,""sides"":8,""flat"":0,""attack_type"":""attack"",""save"":""none"",""damage_type"":""force"",""instances"":1,""targets"":1}]","[{""dice"":6,""sides"":8,""flat"":0,""attack_type"":""attack"",""save"":""none"",""damage_type"":""force"",""instances"":1,""targets"":1}]","[{""dice"":7,""sides"":8,""flat"":0,""attack_type"":""attack"",""save"":""none"",""damage_type"":""force"",""instances"":1,""targets"":1}]","[{""dice"":7,""sides"":8,""flat"":0,""attack_type"":""attack"",""save"":""none"",""damage_type"":""force"",""instances"":1,""targets"":1}]","[{""dice"":8,""sides"":8,""flat"":0,""attack_type"":""attack"",""save"":""none"",""damage_type"":""force"",""instances"":1,""targets"":1}]","[{""dice"":8,""sides"":8,""flat"":0,""attack_type"":""attack"",""save"":""none"",""damage_type"":""force"",""instances"":1,""targets"":1}]"
